{
  "portfolio_avg": 0.930737255678891,
  "vbs_avg": 0.9681836075869533,
  "nuwls_avg": 0.9431732746009029,
  "portfolio_wins_vs_nuwls": 126
}